{"cameraMode":{"drawMode":0,"name":"Shaded","section":"Shading Mode"},"sceneLighting":true,"audioPlay":false,"sceneViewState":{"m_AlwaysRefresh":false,"showFog":true,"showSkybox":true,"showFlares":true,"showImageEffects":true,"showParticleSystems":true,"showVisualEffectGraphs":true,"m_FxEnabled":true},"in2DMode":false,"pivot":{"x":28.32227897644043,"y":0.8714389801025391,"z":1.8953094482421876},"rotation":{"x":-0.00743876351043582,"y":0.9754770994186401,"z":-0.21742866933345796,"w":-0.033373452723026279},"size":18.19748306274414,"orthographic":false}