{"cameraMode":{"drawMode":0,"name":"Shaded","section":"Shading Mode"},"sceneLighting":true,"audioPlay":false,"sceneViewState":{"m_AlwaysRefresh":false,"showFog":true,"showSkybox":true,"showFlares":true,"showImageEffects":true,"showParticleSystems":true,"showVisualEffectGraphs":true,"m_FxEnabled":true},"in2DMode":false,"pivot":{"x":3.32741641998291,"y":3.7336692810058595,"z":0.5151453018188477},"rotation":{"x":0.09934214502573013,"y":0.08794397115707398,"z":-0.008815012872219086,"w":0.9911226630210877},"size":5.380219459533691,"orthographic":false}